"","time","record_id","date","lat","long"
"1",06:15:00,"2-12",2025-08-21,-6.24982588428349,106.776646361875
"2",06:30:00,"2-12",2025-08-21,-6.253346,106.777767
"3",06:45:00,"2-12",2025-08-21,-6.250634,106.777244
"4",07:00:00,"2-12",2025-08-21,-6.25334599999999,106.777767
"5",07:15:00,"2-12",2025-08-21,-6.253346,106.777767
"6",07:30:00,"2-12",2025-08-21,-6.253346,106.777767
"7",08:00:00,"2-12",2025-08-21,-6.25334599999999,106.777767
"8",08:15:00,"2-12",2025-08-21,-6.250634,106.777244
"9",08:30:00,"2-12",2025-08-21,-6.253346,106.777767
"10",08:45:00,"2-12",2025-08-21,-6.250634,106.777244
"11",09:30:00,"2-12",2025-08-20,-6.25027285608874,106.777285157476
"12",09:45:00,"2-12",2025-08-20,-6.25097532849711,106.777098585686
"13",10:00:00,"2-12",2025-08-20,-6.25040194509536,106.777308397181
"14",10:15:00,"2-12",2025-08-20,-6.25027945055859,106.776897930999
"15",10:30:00,"2-12",2025-08-20,-6.25005931921182,106.776303818142
"16",10:45:00,"2-12",2025-08-20,-6.25108023729554,106.777235578404
"17",11:00:00,"2-12",2025-08-20,-6.25175767296779,106.777267463455
"18",11:15:00,"2-12",2025-08-20,-6.251610637269,106.776741461056
"19",11:30:00,"2-12",2025-08-20,-6.253346,106.777767
"20",11:45:00,"2-12",2025-08-20,-6.253346,106.777767
"21",12:00:00,"2-12",2025-08-20,-6.253346,106.777767
"22",12:15:00,"2-12",2025-08-20,-6.253346,106.777767
"23",12:30:00,"2-12",2025-08-20,-6.253346,106.777767
"24",12:45:00,"2-12",2025-08-20,-6.215852,106.821058
"25",13:00:00,"2-12",2025-08-20,-6.253346,106.777767
"26",13:15:00,"2-12",2025-08-20,-6.253346,106.777767
"27",13:30:00,"2-12",2025-08-20,-6.250243,106.776924
"28",13:45:00,"2-12",2025-08-20,-6.249258,106.776756
"29",14:30:00,"2-12",2025-08-20,-6.249498,106.776853
"30",15:00:00,"2-12",2025-08-20,-6.249517,106.776844
"31",15:15:00,"2-12",2025-08-20,-6.250206,106.777502
"32",15:45:00,"2-12",2025-08-20,-6.249073,106.777973
"33",16:00:00,"2-12",2025-08-20,-6.242897,106.77944
"34",17:45:00,"2-12",2025-08-20,-6.2407639808022,106.779482311734
"35",18:30:00,"2-12",2025-08-20,-6.244914,106.778551
"36",18:45:00,"2-12",2025-08-20,-6.249533,106.776791
"37",00:15:00,"2-6",2025-08-22,-6.23794499999999,106.783313
"38",06:15:00,"2-6",2025-08-22,-6.2379506138683,106.783364326766
"39",06:30:00,"2-6",2025-08-22,-6.23871914194274,106.784204296187
"40",06:45:00,"2-6",2025-08-22,-6.250718,106.777227
"41",08:00:00,"2-6",2025-08-22,-6.250765,106.777147
"42",08:30:00,"2-6",2025-08-22,-6.250561,106.777244
"43",09:00:00,"2-6",2025-08-21,-6.253346,106.777767
"44",09:15:00,"2-6",2025-08-21,-6.25153044181008,106.777466357977
"45",09:30:00,"2-6",2025-08-21,-6.2515562292882,106.77730591455
"46",09:45:00,"2-6",2025-08-21,-6.250634,106.777244
"47",10:00:00,"2-6",2025-08-21,-6.25089252716997,106.776968482862
"48",10:30:00,"2-6",2025-08-21,-6.25157878234618,106.777645022116
"49",10:45:00,"2-6",2025-08-21,-6.250634,106.777244
"50",11:00:00,"2-6",2025-08-21,-6.25138703667168,106.777196744038
"51",11:15:00,"2-6",2025-08-21,-6.253346,106.777767
"52",11:30:00,"2-6",2025-08-21,-6.25081570959594,106.7768665757
"53",12:15:00,"2-6",2025-08-21,-6.25160456348294,106.777187110863
"54",12:30:00,"2-6",2025-08-21,-6.2503966121172,106.777335653324
"55",12:45:00,"2-6",2025-08-21,-6.25078467938961,106.777746809459
"56",13:00:00,"2-6",2025-08-21,-6.23946159796907,106.783046358151
"57",13:15:00,"2-6",2025-08-21,-6.23893653151004,106.783358578456
"58",15:45:00,"2-6",2025-08-21,-6.23902072038729,106.783395046488
"59",17:45:00,"2-6",2025-08-21,-6.23944770471957,106.783739828639
"60",18:00:00,"2-6",2025-08-21,-6.23937767341482,106.783238326747
"61",18:15:00,"2-6",2025-08-21,-6.237357,106.782707
"62",18:30:00,"2-6",2025-08-21,-6.23891119704225,106.783808627683
"63",22:45:00,"2-6",2025-08-21,-6.237945,106.783313
"64",23:00:00,"2-6",2025-08-21,-6.237555,106.783173
"65",23:15:00,"2-6",2025-08-21,-6.237717,106.783191
"66",06:00:00,"2-16",2025-08-26,-6.2449065732312,106.775648175196
"67",06:15:00,"2-16",2025-08-26,-6.24583474376674,106.776813295024
"68",06:30:00,"2-16",2025-08-26,-6.253346,106.777767
"69",07:15:00,"2-16",2025-08-26,-6.253346,106.777767
"70",07:30:00,"2-16",2025-08-26,-6.253346,106.777767
"71",07:45:00,"2-16",2025-08-26,-6.253346,106.777767
"72",08:15:00,"2-16",2025-08-26,-6.253346,106.777767
"73",08:30:00,"2-16",2025-08-26,-6.25102966662721,106.777285199703
"74",08:45:00,"2-16",2025-08-26,-6.25102604029511,106.776978094287
"75",09:30:00,"2-16",2025-08-25,-6.25100748485224,106.777258832604
"76",09:45:00,"2-16",2025-08-25,-6.25091728355879,106.7768586998
"77",10:00:00,"2-16",2025-08-25,-6.250481,106.777502
"78",10:15:00,"2-16",2025-08-25,-6.250943,106.777218
"79",10:30:00,"2-16",2025-08-25,-6.250814,106.777111
"80",10:45:00,"2-16",2025-08-25,-6.253346,106.777767
"81",11:45:00,"2-16",2025-08-25,-6.250828,106.777147
"82",12:15:00,"2-16",2025-08-25,-6.250754,106.776951
"83",14:00:00,"2-16",2025-08-25,-6.250799,106.777147
"84",14:15:00,"2-16",2025-08-25,-6.250345,106.777164
"85",14:30:00,"2-16",2025-08-25,-6.25077,106.7772
"86",14:45:00,"2-16",2025-08-25,-6.253346,106.777767
"87",15:00:00,"2-16",2025-08-25,-6.25114388972026,106.776380781458
"88",15:15:00,"2-16",2025-08-25,-6.250042,106.777342
"89",15:30:00,"2-16",2025-08-25,-6.245457,106.772862
"90",15:45:00,"2-16",2025-08-25,-6.245042,106.775191
"91",19:15:00,"2-16",2025-08-25,-6.24629116020504,106.776804471066
"92",19:30:00,"2-16",2025-08-25,-6.245042,106.775191
"93",06:15:00,"2-13",2025-08-27,-6.24555269623243,106.780610427527
"94",06:30:00,"2-13",2025-08-27,-6.253346,106.777767
"95",06:45:00,"2-13",2025-08-27,-6.25177510432954,106.777308742171
"96",07:00:00,"2-13",2025-08-27,-6.25130824155041,106.776599738608
"97",07:15:00,"2-13",2025-08-27,-6.25134292329433,106.776592324439
"98",07:30:00,"2-13",2025-08-27,-6.25214488701227,106.777575599316
"99",07:45:00,"2-13",2025-08-27,-6.25138166091778,106.777256287809
"100",08:00:00,"2-13",2025-08-27,-6.244378,106.778596
"101",08:15:00,"2-13",2025-08-27,-6.25122291943689,106.776735989492
"102",08:45:00,"2-13",2025-08-27,-6.253346,106.777767
"103",09:00:00,"2-13",2025-08-26,-6.25124552233712,106.776869487395
"104",09:15:00,"2-13",2025-08-26,-6.245042,106.775191
"105",10:00:00,"2-13",2025-08-26,-6.25121702614537,106.776375396111
"106",10:15:00,"2-13",2025-08-26,-6.25130562203774,106.776916427981
"107",10:30:00,"2-13",2025-08-26,-6.25147421086033,106.777214038045
"108",10:45:00,"2-13",2025-08-26,-6.25133125815925,106.777247261718
"109",11:00:00,"2-13",2025-08-26,-6.25109393722184,106.777231758841
"110",11:15:00,"2-13",2025-08-26,-6.250665,106.777316
"111",11:30:00,"2-13",2025-08-26,-6.250755,106.777298
"112",13:00:00,"2-13",2025-08-26,-6.25172821585351,106.777642942049
"113",13:30:00,"2-13",2025-08-26,-6.25132316553965,106.777692324535
"114",14:45:00,"2-13",2025-08-26,-6.25173956333846,106.777064830421
"115",15:00:00,"2-13",2025-08-26,-6.249423,106.776613
"116",15:15:00,"2-13",2025-08-26,-6.24339152322015,106.781876240455
"117",15:30:00,"2-13",2025-08-26,-6.244052,106.778693
"118",17:15:00,"2-13",2025-08-26,-6.24398653799835,106.781724416747
"119",17:30:00,"2-13",2025-08-26,-6.24369104443983,106.781569121151
"120",19:00:00,"2-13",2025-08-26,-6.24405853095044,106.78153876973
"121",21:45:00,"2-13",2025-08-26,-6.24415740779322,106.781708205286
"122",05:45:00,"2-20",2025-08-28,-6.25188073219952,106.777601571293
"123",06:00:00,"2-20",2025-08-28,-6.25235752497898,106.777763500178
"124",06:15:00,"2-20",2025-08-28,-6.25187751528066,106.777707731933
"125",06:30:00,"2-20",2025-08-28,-6.25141161392432,106.777758273022
"126",07:15:00,"2-20",2025-08-28,-6.25144984586061,106.77712803894
"127",07:45:00,"2-20",2025-08-28,-6.25058542402853,106.776843677589
"128",08:00:00,"2-20",2025-08-28,-6.251542,106.776542
"129",08:15:00,"2-20",2025-08-28,-6.25143420347947,106.77784133457
"130",08:30:00,"2-20",2025-08-28,-6.2515482219642,106.777498046153
"131",08:45:00,"2-20",2025-08-28,-6.251542,106.776542
"132",09:00:00,"2-20",2025-08-27,-6.25133358459324,106.777269820293
"133",09:15:00,"2-20",2025-08-27,-6.25095799011752,106.77685522085
"134",09:30:00,"2-20",2025-08-27,-6.244378,106.778596
"135",09:45:00,"2-20",2025-08-27,-6.25120869616103,106.776793127877
"136",10:30:00,"2-20",2025-08-27,-6.250749,106.777129
"137",10:45:00,"2-20",2025-08-27,-6.25118661833738,106.777183927793
"138",11:00:00,"2-20",2025-08-27,-6.250628,106.777031
"139",11:15:00,"2-20",2025-08-27,-6.250726,106.77736
"140",11:45:00,"2-20",2025-08-27,-6.250574,106.776942
"141",12:15:00,"2-20",2025-08-27,-6.250605,106.777182
"142",12:30:00,"2-20",2025-08-27,-6.250595,106.777298
"143",13:00:00,"2-20",2025-08-27,-6.250872,106.777244
"144",13:15:00,"2-20",2025-08-27,-6.25179552716594,106.777733397673
"145",16:00:00,"2-20",2025-08-27,-6.25169080201004,106.777559236153
"146",16:15:00,"2-20",2025-08-27,-6.25153195629671,106.777710531875
"147",16:30:00,"2-20",2025-08-27,-6.25247,106.773182
"148",16:45:00,"2-20",2025-08-27,-6.248736,106.773582
"149",17:00:00,"2-20",2025-08-27,-6.25397499345467,106.764680646397
"150",17:15:00,"2-20",2025-08-27,-6.24994,106.772427
"151",18:00:00,"2-20",2025-08-27,-6.25198642251498,106.777760120883
"152",18:15:00,"2-20",2025-08-27,-6.251597,106.776711
"153",18:30:00,"2-20",2025-08-27,-6.249754,106.778178
"154",18:45:00,"2-20",2025-08-27,-6.25121860731138,106.777895582137
"155",19:00:00,"2-20",2025-08-27,-6.25111343615812,106.777904188064
"156",19:15:00,"2-20",2025-08-27,-6.25077899849791,106.776964453227
"157",19:30:00,"2-20",2025-08-27,-6.25156514142204,106.778866430026
"158",19:45:00,"2-20",2025-08-27,-6.25153181850285,106.779017086572
"159",20:00:00,"2-20",2025-08-27,-6.2510591196029,106.778987444492
"160",20:15:00,"2-20",2025-08-27,-6.25118324706077,106.777222324027
"161",20:30:00,"2-20",2025-08-27,-6.25096404696794,106.777659471037
"162",20:45:00,"2-20",2025-08-27,-6.25110438954511,106.778552160872
"163",21:00:00,"2-20",2025-08-27,-6.251542,106.776542
"164",21:15:00,"2-20",2025-08-27,-6.2519286625851,106.777457604968
"165",23:00:00,"2-20",2025-08-27,-6.25178577454767,106.777733186338
"166",23:15:00,"2-20",2025-08-27,-6.25177541802974,106.77764397501
"167",04:30:00,"2-11",2025-08-29,-6.252247,106.73744
"168",04:45:00,"2-11",2025-08-29,-6.249412,106.736942
"169",05:15:00,"2-11",2025-08-29,-6.252247,106.73744
"170",05:30:00,"2-11",2025-08-29,-6.2461396806786,106.737054351087
"171",05:45:00,"2-11",2025-08-29,-6.24080435235303,106.762718457092
"172",06:00:00,"2-11",2025-08-29,-6.25163822528076,106.777208333207
"173",06:15:00,"2-11",2025-08-29,-6.25334599999999,106.777767
"174",06:30:00,"2-11",2025-08-29,-6.25334599999999,106.777767
"175",06:45:00,"2-11",2025-08-29,-6.249412,106.736942
"176",08:30:00,"2-11",2025-08-29,-6.25334599999999,106.777767
"177",08:45:00,"2-11",2025-08-29,-6.253346,106.777767
"178",09:30:00,"2-11",2025-08-28,-6.25139409341635,106.777510574154
"179",09:45:00,"2-11",2025-08-28,-6.25099572954499,106.77744850592
"180",10:00:00,"2-11",2025-08-28,-6.25098322296709,106.776832204418
"181",10:15:00,"2-11",2025-08-28,-6.25122035592956,106.776692331143
"182",11:45:00,"2-11",2025-08-28,-6.2512171239875,106.776721235588
"183",12:00:00,"2-11",2025-08-28,-6.25120820397789,106.776724585236
"184",12:15:00,"2-11",2025-08-28,-6.253346,106.777767
"185",12:30:00,"2-11",2025-08-28,-6.253346,106.777767
"186",13:00:00,"2-11",2025-08-28,-6.25104188304309,106.777681274263
"187",13:15:00,"2-11",2025-08-28,-6.24264,106.780667
"188",13:30:00,"2-11",2025-08-28,-6.232457,106.763902
"189",13:45:00,"2-11",2025-08-28,-6.239434,106.752169
"190",14:00:00,"2-11",2025-08-28,-6.248308,106.735796
"191",18:15:00,"2-11",2025-08-28,-6.252247,106.73744
"192",18:30:00,"2-11",2025-08-28,-6.25077511914294,106.736607806517
"193",18:45:00,"2-11",2025-08-28,-6.247642,106.73825
"194",19:00:00,"2-11",2025-08-28,-6.249716,106.736942
"195",19:15:00,"2-11",2025-08-28,-6.24738254212977,106.737067127788
"196",19:30:00,"2-11",2025-08-28,-6.252247,106.73744
"197",20:00:00,"2-11",2025-08-28,-6.252247,106.73744
"198",21:00:00,"2-11",2025-08-28,-6.252247,106.73744
"199",21:30:00,"2-11",2025-08-28,-6.252247,106.73744
"200",21:45:00,"2-11",2025-08-28,-6.252247,106.73744
"201",06:00:00,"2-15",2025-09-02,-6.25161941488555,106.779055563964
"202",06:15:00,"2-15",2025-09-02,-6.249452,106.777991
"203",06:30:00,"2-15",2025-09-02,-6.250707,106.777129
"204",06:45:00,"2-15",2025-09-02,-6.250935,106.777447
"205",07:00:00,"2-15",2025-09-02,-6.250935,106.777447
"206",07:15:00,"2-15",2025-09-02,-6.250935,106.777447
"207",07:30:00,"2-15",2025-09-02,-6.250935,106.777447
"208",07:45:00,"2-15",2025-09-02,-6.250702,106.777227
"209",08:00:00,"2-15",2025-09-02,-6.249551,106.776844
"210",08:15:00,"2-15",2025-09-02,-6.250935,106.777447
"211",08:30:00,"2-15",2025-09-02,-6.25132924723677,106.777499318094
"212",08:45:00,"2-15",2025-09-02,-6.250496,106.7772
"213",09:15:00,"2-15",2025-09-01,-6.250935,106.777447
"214",09:30:00,"2-15",2025-09-01,-6.250935,106.777447
"215",09:45:00,"2-15",2025-09-01,-6.250935,106.777447
"216",10:00:00,"2-15",2025-09-01,-6.250935,106.777447
"217",10:15:00,"2-15",2025-09-01,-6.250935,106.777447
"218",10:30:00,"2-15",2025-09-01,-6.250935,106.777447
"219",10:45:00,"2-15",2025-09-01,-6.250935,106.777447
"220",11:00:00,"2-15",2025-09-01,-6.25154326787367,106.777527720811
"221",11:15:00,"2-15",2025-09-01,-6.25139641663298,106.777508232053
"222",11:30:00,"2-15",2025-09-01,-6.25127386525486,106.777452079557
"223",13:00:00,"2-15",2025-09-01,-6.25047468122469,106.777854419642
"224",13:30:00,"2-15",2025-09-01,-6.25111628413709,106.778806951777
"225",13:45:00,"2-15",2025-09-01,-6.251183,106.778276
"226",15:45:00,"2-15",2025-09-01,-6.25119264697641,106.778640435167
"227",17:00:00,"2-15",2025-09-01,-6.25066871463955,106.778935808396
"228",17:15:00,"2-15",2025-09-01,-6.25047691439062,106.778247310647
"229",18:30:00,"2-15",2025-09-01,-6.25143865897877,106.779150915455
"230",18:45:00,"2-15",2025-09-01,-6.238637,106.763413
"231",19:00:00,"2-15",2025-09-01,-6.25153872739896,106.780035847274
"232",19:30:00,"2-15",2025-09-01,-6.25096206640553,106.778502025697
"233",05:30:00,"2-22",2025-09-03,-6.2462235410975,106.778326881266
"234",05:45:00,"2-22",2025-09-03,-6.2462553484881,106.778731301035
"235",06:00:00,"2-22",2025-09-03,-6.24673857597116,106.778294937611
"236",06:15:00,"2-22",2025-09-03,-6.2513382982035,106.77750051923
"237",06:30:00,"2-22",2025-09-03,-6.25135130810963,106.777502245752
"238",06:45:00,"2-22",2025-09-03,-6.25136422006583,106.777503959279
"239",07:15:00,"2-22",2025-09-03,-6.25141140117592,106.777510220644
"240",07:30:00,"2-22",2025-09-03,-6.25122827939942,106.77748591897
"241",07:45:00,"2-22",2025-09-03,-6.250935,106.777447
"242",08:00:00,"2-22",2025-09-03,-6.250935,106.777447
"243",08:15:00,"2-22",2025-09-03,-6.250935,106.777447
"244",08:30:00,"2-22",2025-09-03,-6.250935,106.777447
"245",08:45:00,"2-22",2025-09-03,-6.250935,106.777447
"246",09:00:00,"2-22",2025-09-02,-6.250924,106.778187
"247",09:15:00,"2-22",2025-09-02,-6.250436,106.777378
"248",09:30:00,"2-22",2025-09-02,-6.250935,106.777447
"249",09:45:00,"2-22",2025-09-02,-6.250935,106.777447
"250",10:00:00,"2-22",2025-09-02,-6.250935,106.777447
"251",10:15:00,"2-22",2025-09-02,-6.250935,106.777447
"252",10:30:00,"2-22",2025-09-02,-6.250935,106.777447
"253",10:45:00,"2-22",2025-09-02,-6.250935,106.777447
"254",11:00:00,"2-22",2025-09-02,-6.250935,106.777447
"255",11:15:00,"2-22",2025-09-02,-6.24584362361088,106.7787336395
"256",11:30:00,"2-22",2025-09-02,-6.25073457305408,106.777336700399
"257",11:45:00,"2-22",2025-09-02,-6.249850887837,106.777930586766
"258",12:00:00,"2-22",2025-09-02,-6.25013616457327,106.776736149541
"259",12:15:00,"2-22",2025-09-02,-6.24690801037986,106.779161918986
"260",12:30:00,"2-22",2025-09-02,-6.24640776353241,106.77858632164
"261",12:45:00,"2-22",2025-09-02,-6.246888,106.777947
"262",13:15:00,"2-22",2025-09-02,-6.247308,106.777849
"263",13:30:00,"2-22",2025-09-02,-6.24551733102543,106.77998185632
"264",13:45:00,"2-22",2025-09-02,-6.247313,106.777831
"265",14:00:00,"2-22",2025-09-02,-6.247416,106.777867
"266",14:15:00,"2-22",2025-09-02,-6.24704021341764,106.779372540947
"267",14:30:00,"2-22",2025-09-02,-6.247416,106.777867
"268",15:30:00,"2-22",2025-09-02,-6.24619542629363,106.778612479102
"269",16:00:00,"2-22",2025-09-02,-6.24607005944826,106.778415432423
"270",17:00:00,"2-22",2025-09-02,-6.24611667316249,106.778882751591
"271",18:00:00,"2-22",2025-09-02,-6.24629167111015,106.778662938196
"272",18:15:00,"2-22",2025-09-02,-6.24632297796952,106.779057969958
"273",18:30:00,"2-22",2025-09-02,-6.247039,106.777476
"274",18:45:00,"2-22",2025-09-02,-6.24623397760607,106.778608340072
"275",19:15:00,"2-22",2025-09-02,-6.24605550786957,106.778719129966
"276",19:30:00,"2-22",2025-09-02,-6.24607930463665,106.778975658673
"277",21:00:00,"2-22",2025-09-02,-6.24631674214447,106.7786502768
"278",21:15:00,"2-22",2025-09-02,-6.247039,106.777476
"279",21:45:00,"2-22",2025-09-02,-6.24653010813444,106.77902964129
"280",22:00:00,"2-22",2025-09-02,-6.24654907509479,106.778956313317
"281",05:45:00,"2-14",2025-09-04,-6.251907,106.774833
"282",06:00:00,"2-14",2025-09-04,-6.251907,106.774833
"283",06:15:00,"2-14",2025-09-04,-6.250671,106.7772
"284",06:45:00,"2-14",2025-09-04,-6.250606,106.777316
"285",07:00:00,"2-14",2025-09-04,-6.250752,106.777227
"286",07:15:00,"2-14",2025-09-04,-6.25072,106.777244
"287",07:30:00,"2-14",2025-09-04,-6.250835,106.777111
"288",07:45:00,"2-14",2025-09-04,-6.25160147302095,106.777535445393
"289",08:00:00,"2-14",2025-09-04,-6.2522163234883,106.777617048428
"290",08:15:00,"2-14",2025-09-04,-6.25093,106.777058
"291",08:30:00,"2-14",2025-09-04,-6.250935,106.777447
"292",08:45:00,"2-14",2025-09-04,-6.250935,106.777447
"293",09:00:00,"2-14",2025-09-03,-6.250935,106.777447
"294",09:15:00,"2-14",2025-09-03,-6.250935,106.777447
"295",09:30:00,"2-14",2025-09-03,-6.247039,106.777476
"296",10:30:00,"2-14",2025-09-03,-6.250935,106.777447
"297",10:45:00,"2-14",2025-09-03,-6.250935,106.777447
"298",11:00:00,"2-14",2025-09-03,-6.25158753996876,106.777533596289
"299",11:15:00,"2-14",2025-09-03,-6.25036,106.777556
"300",11:30:00,"2-14",2025-09-03,-6.248376,106.777413
"301",15:30:00,"2-14",2025-09-03,-6.2484696906358,106.777412252008
"302",15:45:00,"2-14",2025-09-03,-6.24843198949672,106.777484372454
"303",16:00:00,"2-14",2025-09-03,-6.24343775969713,106.781445425001
"304",17:45:00,"2-14",2025-09-03,-6.243009,106.779422
"305",18:00:00,"2-14",2025-09-03,-6.244197,106.778711
"306",18:15:00,"2-14",2025-09-03,-6.248379,106.777556
"307",19:45:00,"2-14",2025-09-03,-6.251907,106.774833
"308",20:00:00,"2-14",2025-09-03,-6.248415,106.77832
"309",06:15:00,"2-23",2025-09-09,-6.25203354309441,106.777552969623
"310",06:30:00,"2-23",2025-09-09,-6.250935,106.777447
"311",06:45:00,"2-23",2025-09-09,-6.250585,106.777227
"312",07:00:00,"2-23",2025-09-09,-6.25207039252457,106.777597679731
"313",07:15:00,"2-23",2025-09-09,-6.25239447354579,106.777640694015
"314",07:30:00,"2-23",2025-09-09,-6.25262214250356,106.777670913144
"315",07:45:00,"2-23",2025-09-09,-6.25256288081602,106.777663047071
"316",08:00:00,"2-23",2025-09-09,-6.25256583411366,106.777663439074
"317",08:15:00,"2-23",2025-09-09,-6.25239097314617,106.777640229406
"318",08:30:00,"2-23",2025-09-09,-6.25256875764134,106.777663827126
"319",08:45:00,"2-23",2025-09-09,-6.25238454792608,106.777639376585
"320",09:45:00,"2-23",2025-09-08,-6.250935,106.777447
"321",10:00:00,"2-23",2025-09-08,-6.250935,106.777447
"322",10:15:00,"2-23",2025-09-08,-6.25248009856389,106.777652059132
"323",10:30:00,"2-23",2025-09-08,-6.25234406000809,106.777634002635
"324",10:45:00,"2-23",2025-09-08,-6.25226185785689,106.777623092072
"325",11:00:00,"2-23",2025-09-08,-6.25202078692879,106.777591095927
"326",11:15:00,"2-23",2025-09-08,-6.25224571020518,106.777620948836
"327",11:30:00,"2-23",2025-09-08,-6.25216682268494,106.77761047838
"328",11:45:00,"2-23",2025-09-08,-6.25224739258341,106.777621172134
"329",12:00:00,"2-23",2025-09-08,-6.25157231722538,106.77753157603
"330",12:15:00,"2-23",2025-09-08,-6.25291483249541,106.777709764298
"331",12:45:00,"2-23",2025-09-08,-6.2526040814718,106.777668515813
"332",13:00:00,"2-23",2025-09-08,-6.250935,106.777447
"333",13:15:00,"2-23",2025-09-08,-6.25059831805186,106.777923354652
"334",13:30:00,"2-23",2025-09-08,-6.250162,106.777538
"335",13:45:00,"2-23",2025-09-08,-6.25149,106.7764
"336",15:30:00,"2-23",2025-09-08,-6.25213002778864,106.777348405632
"337",15:45:00,"2-23",2025-09-08,-6.25199602032757,106.778042465875
"338",16:00:00,"2-23",2025-09-08,-6.25041475153627,106.775841405622
"339",16:15:00,"2-23",2025-09-08,-6.25227098025198,106.777527561669
"340",17:00:00,"2-23",2025-09-08,-6.25232458428242,106.777772445663
"341",17:15:00,"2-23",2025-09-08,-6.25178410813617,106.777448415268
"342",20:00:00,"2-23",2025-09-08,-6.25212093235828,106.777608240128
"343",04:15:00,"2-18",2025-09-10,-6.229341,106.778531
"344",05:30:00,"2-18",2025-09-10,-6.229341,106.778531
"345",05:45:00,"2-18",2025-09-10,-6.229341,106.778531
"346",06:00:00,"2-18",2025-09-10,-6.23461,106.780516
"347",06:15:00,"2-18",2025-09-10,-6.250742,106.777271
"348",07:00:00,"2-18",2025-09-10,-6.250836,106.777413
"349",07:15:00,"2-18",2025-09-10,-6.250588,106.777244
"350",07:45:00,"2-18",2025-09-10,-6.250253,106.777182
"351",08:00:00,"2-18",2025-09-10,-6.250279,106.776969
"352",08:15:00,"2-18",2025-09-10,-6.250648,106.777484
"353",08:30:00,"2-18",2025-09-10,-6.250932,106.777413
"354",08:45:00,"2-18",2025-09-10,-6.250841,106.777262
"355",09:00:00,"2-18",2025-09-09,-6.25176992177358,106.777557801142
"356",09:15:00,"2-18",2025-09-09,-6.250935,106.777447
"357",09:30:00,"2-18",2025-09-09,-6.250935,106.777447
"358",10:00:00,"2-18",2025-09-09,-6.250935,106.777447
"359",10:15:00,"2-18",2025-09-09,-6.250935,106.777447
"360",10:30:00,"2-18",2025-09-09,-6.250935,106.777447
"361",10:45:00,"2-18",2025-09-09,-6.250935,106.777447
"362",11:00:00,"2-18",2025-09-09,-6.250935,106.777447
"363",11:15:00,"2-18",2025-09-09,-6.25130937147785,106.777496680428
"364",11:30:00,"2-18",2025-09-09,-6.25093499999999,106.777447
"365",11:45:00,"2-18",2025-09-09,-6.250935,106.777447
"366",12:00:00,"2-18",2025-09-09,-6.250935,106.777447
"367",12:15:00,"2-18",2025-09-09,-6.250525,106.777164
"368",13:15:00,"2-18",2025-09-09,-6.250717,106.777147
"369",13:30:00,"2-18",2025-09-09,-6.250517,106.777147
"370",13:45:00,"2-18",2025-09-09,-6.250026,106.777671
"371",14:00:00,"2-18",2025-09-09,-6.23407,106.778044
"372",14:15:00,"2-18",2025-09-09,-6.234203,106.77808
"373",15:15:00,"2-18",2025-09-09,-6.234245,106.778044
"374",16:45:00,"2-18",2025-09-09,-6.233819,106.777867
"375",21:30:00,"2-18",2025-09-09,-6.229341,106.778531
"376",22:00:00,"2-18",2025-09-09,-6.229341,106.778531
"377",05:30:00,"2-5",2025-09-11,-6.250935,106.777447
"378",05:45:00,"2-5",2025-09-11,-6.250663,106.776542
"379",06:00:00,"2-5",2025-09-11,-6.250671,106.776409
"380",06:15:00,"2-5",2025-09-11,-6.250725,106.777218
"381",06:30:00,"2-5",2025-09-11,-6.25246616084446,106.77765020915
"382",07:15:00,"2-5",2025-09-11,-6.25237797785894,106.77763850454
"383",07:30:00,"2-5",2025-09-11,-6.25204324287968,106.777594076342
"384",07:45:00,"2-5",2025-09-11,-6.25190702422535,106.777575997194
"385",08:00:00,"2-5",2025-09-11,-6.250588,106.776222
"386",08:15:00,"2-5",2025-09-11,-6.25225957083248,106.777622788521
"387",08:30:00,"2-5",2025-09-11,-6.25183071554258,106.77756586956
"388",09:00:00,"2-5",2025-09-10,-6.250685,106.777262
"389",09:15:00,"2-5",2025-09-10,-6.250561,106.777058
"390",09:30:00,"2-5",2025-09-10,-6.250935,106.777447
"391",09:45:00,"2-5",2025-09-10,-6.25220738575006,106.777615862153
"392",10:00:00,"2-5",2025-09-10,-6.25178023150007,106.777559169421
"393",10:15:00,"2-5",2025-09-10,-6.250715,106.777129
"394",10:30:00,"2-5",2025-09-10,-6.25201006531885,106.777589672929
"395",10:45:00,"2-5",2025-09-10,-6.250715,106.777129
"396",11:00:00,"2-5",2025-09-10,-6.25182371523922,106.77756494049
"397",11:15:00,"2-5",2025-09-10,-6.250715,106.777129
"398",13:00:00,"2-5",2025-09-10,-6.252727193602,106.777684857234
"399",13:15:00,"2-5",2025-09-10,-6.25148056648114,106.777733478674
"400",14:00:00,"2-5",2025-09-10,-6.250833,106.776356
"401",14:15:00,"2-5",2025-09-10,-6.250663,106.776569
"402",14:30:00,"2-5",2025-09-10,-6.250643,106.776569
"403",15:45:00,"2-5",2025-09-10,-6.25142900374599,106.777553847251
"404",16:00:00,"2-5",2025-09-10,-6.25092518280598,106.777489750376
"405",16:15:00,"2-5",2025-09-10,-6.248679,106.77352
"406",16:30:00,"2-5",2025-09-10,-6.250018,106.775031
"407",16:45:00,"2-5",2025-09-10,-6.250726,106.776436
"408",17:00:00,"2-5",2025-09-10,-6.25071,106.7764
"409",03:30:00,"2-17",2025-09-12,-6.24339722915066,106.781191274016
"410",05:00:00,"2-17",2025-09-12,-6.24325597757574,106.780543712946
"411",05:15:00,"2-17",2025-09-12,-6.24289215952001,106.780751805036
"412",05:30:00,"2-17",2025-09-12,-6.24295241169504,106.781279721088
"413",05:45:00,"2-17",2025-09-12,-6.2430780199368,106.781383718946
"414",06:00:00,"2-17",2025-09-12,-6.25237340831336,106.777637898024
"415",06:15:00,"2-17",2025-09-12,-6.250935,106.777447
"416",06:30:00,"2-17",2025-09-12,-6.250935,106.777447
"417",07:45:00,"2-17",2025-09-12,-6.25278519061881,106.777692555641
"418",08:15:00,"2-17",2025-09-12,-6.25290725224233,106.777708758085
"419",08:30:00,"2-17",2025-09-12,-6.25164762600091,106.777541570546
"420",08:45:00,"2-17",2025-09-12,-6.25254829022463,106.777661110407
"421",09:00:00,"2-17",2025-09-11,-6.25245520760521,106.777648755308
"422",09:15:00,"2-17",2025-09-11,-6.250935,106.777447
"423",09:30:00,"2-17",2025-09-11,-6.250935,106.777447
"424",09:45:00,"2-17",2025-09-11,-6.250935,106.777447
"425",10:00:00,"2-17",2025-09-11,-6.250708,106.777129
"426",10:30:00,"2-17",2025-09-11,-6.250678,106.777084
"427",10:45:00,"2-17",2025-09-11,-6.250467,106.777431
"428",11:00:00,"2-17",2025-09-11,-6.250597,106.777004
"429",11:15:00,"2-17",2025-09-11,-6.250887,106.777476
"430",11:30:00,"2-17",2025-09-11,-6.250673,106.776596
"431",11:45:00,"2-17",2025-09-11,-6.250802,106.776676
"432",12:30:00,"2-17",2025-09-11,-6.250783,106.777111
"433",13:00:00,"2-17",2025-09-11,-6.250297,106.777787
"434",13:15:00,"2-17",2025-09-11,-6.247487,106.778738
"435",13:30:00,"2-17",2025-09-11,-6.246003,106.779982
"436",13:45:00,"2-17",2025-09-11,-6.244672,106.779698
"437",16:15:00,"2-17",2025-09-11,-6.2421816359984,106.779885839084
"438",17:00:00,"2-17",2025-09-11,-6.24368914280121,106.781215024777
"439",17:15:00,"2-17",2025-09-11,-6.24364790770657,106.780630657409
"440",18:30:00,"2-17",2025-09-11,-6.244695,106.779813
"441",19:00:00,"2-17",2025-09-11,-6.244562,106.779671
"442",21:30:00,"2-17",2025-09-11,-6.24378517988432,106.781140444517
"443",05:00:00,"2-21",2025-09-16,-6.244444,106.780354
"444",06:15:00,"2-21",2025-09-16,-6.244444,106.780354
"445",06:30:00,"2-21",2025-09-16,-6.251175,106.777378
"446",07:00:00,"2-21",2025-09-16,-6.250574,106.777164
"447",07:15:00,"2-21",2025-09-16,-6.250935,106.777447
"448",07:30:00,"2-21",2025-09-16,-6.250935,106.777447
"449",07:45:00,"2-21",2025-09-16,-6.250935,106.777447
"450",08:00:00,"2-21",2025-09-16,-6.250449,106.777618
"451",08:15:00,"2-21",2025-09-16,-6.250627,106.777147
"452",08:30:00,"2-21",2025-09-16,-6.250712,106.776987
"453",08:45:00,"2-21",2025-09-16,-6.250935,106.777447
"454",09:45:00,"2-21",2025-09-15,-6.250935,106.777447
"455",10:00:00,"2-21",2025-09-15,-6.25115960211497,106.776401096157
"456",10:15:00,"2-21",2025-09-15,-6.250935,106.777447
"457",10:30:00,"2-21",2025-09-15,-6.250935,106.777447
"458",10:45:00,"2-21",2025-09-15,-6.250935,106.777447
"459",11:00:00,"2-21",2025-09-15,-6.250935,106.777447
"460",11:15:00,"2-21",2025-09-15,-6.250935,106.777447
"461",11:30:00,"2-21",2025-09-15,-6.250935,106.777447
"462",11:45:00,"2-21",2025-09-15,-6.25132869616769,106.777499244963
"463",12:00:00,"2-21",2025-09-15,-6.250935,106.777447
"464",12:15:00,"2-21",2025-09-15,-6.250935,106.777447
"465",12:45:00,"2-21",2025-09-15,-6.25189951157417,106.777575000115
"466",13:00:00,"2-21",2025-09-15,-6.250935,106.777447
"467",13:15:00,"2-21",2025-09-15,-6.250935,106.777447
"468",14:45:00,"2-21",2025-09-15,-6.25054612671948,106.777322241687
"469",15:00:00,"2-21",2025-09-15,-6.245507,106.777573
"470",20:00:00,"2-21",2025-09-15,-6.24618936689204,106.779114248504
"471",20:15:00,"2-21",2025-09-15,-6.245223,106.777733
"472",01:30:00,"2-7",2025-09-18,-6.30046759319546,106.895964155471
"473",04:30:00,"2-7",2025-09-18,-6.30057467511805,106.896442189461
"474",04:45:00,"2-7",2025-09-18,-6.28861286576391,106.897514267436
"475",05:00:00,"2-7",2025-09-18,-6.294309,106.89912
"476",05:15:00,"2-7",2025-09-18,-6.289617,106.871138
"477",05:30:00,"2-7",2025-09-18,-6.301629,106.83592
"478",05:45:00,"2-7",2025-09-18,-6.257451,106.796862
"479",06:00:00,"2-7",2025-09-18,-6.248924,106.776809
"480",06:15:00,"2-7",2025-09-18,-6.25085,106.776942
"481",06:45:00,"2-7",2025-09-18,-6.25202496555763,106.777591650525
"482",07:00:00,"2-7",2025-09-18,-6.2520075663104,106.777589341255
"483",07:15:00,"2-7",2025-09-18,-6.25085,106.776942
"484",08:45:00,"2-7",2025-09-18,-6.25221611172099,106.777617020321
"485",10:45:00,"2-7",2025-09-17,-6.250935,106.777447
"486",11:00:00,"2-7",2025-09-17,-6.250935,106.777447
"487",11:15:00,"2-7",2025-09-17,-6.250935,106.777447
"488",11:30:00,"2-7",2025-09-17,-6.25238112851669,106.777638922726
"489",11:45:00,"2-7",2025-09-17,-6.25250027963734,106.777654737814
"490",12:00:00,"2-7",2025-09-17,-6.250284,106.778089
"491",13:30:00,"2-7",2025-09-17,-6.25225954333642,106.777622784872
"492",13:45:00,"2-7",2025-09-17,-6.2519527432695,106.777582065052
"493",15:00:00,"2-7",2025-09-17,-6.250935,106.777447
"494",15:15:00,"2-7",2025-09-17,-6.24845441371678,106.77934161352
"495",15:30:00,"2-7",2025-09-17,-6.29279084743882,106.787664968803
"496",15:45:00,"2-7",2025-09-17,-6.303957,106.849022
"497",16:00:00,"2-7",2025-09-17,-6.290213,106.871289
"498",16:15:00,"2-7",2025-09-17,-6.294481,106.898853
"499",16:30:00,"2-7",2025-09-17,-6.294194,106.898569
"500",17:45:00,"2-7",2025-09-17,-6.28866328120832,106.897443779572
"501",18:45:00,"2-7",2025-09-17,-6.2886774998189,106.89742389985
"502",20:00:00,"2-7",2025-09-17,-6.28859353354748,106.897541296424
"503",20:15:00,"2-7",2025-09-17,-6.30046742574894,106.895968736778
"504",00:15:00,"2-8",2025-09-18,-6.24538578411463,106.782457695932
"505",06:00:00,"2-8",2025-09-18,-6.24426449921985,106.782444424349
"506",06:15:00,"2-8",2025-09-18,-6.24671202944091,106.77885627435
"507",09:00:00,"2-8",2025-09-17,-6.231417,106.797573
"508",09:15:00,"2-8",2025-09-17,-6.25018,106.775262
"509",09:30:00,"2-8",2025-09-17,-6.250705,106.776951
"510",11:00:00,"2-8",2025-09-17,-6.250935,106.777447
"511",11:15:00,"2-8",2025-09-17,-6.250935,106.777447
"512",11:30:00,"2-8",2025-09-17,-6.25223124532319,106.777619028955
"513",11:45:00,"2-8",2025-09-17,-6.25204133896166,106.777593823648
"514",12:00:00,"2-8",2025-09-17,-6.250689,106.777004
"515",13:30:00,"2-8",2025-09-17,-6.25196429910987,106.777583598756
"516",13:45:00,"2-8",2025-09-17,-6.2519428194838,106.777580747957
"517",15:00:00,"2-8",2025-09-17,-6.25244273923904,106.777647100362
"518",15:15:00,"2-8",2025-09-17,-6.250935,106.777447
"519",15:30:00,"2-8",2025-09-17,-6.243544,106.78184
"520",16:15:00,"2-8",2025-09-17,-6.240625,106.777636
"521",17:45:00,"2-8",2025-09-17,-6.242831,106.770764
"522",18:00:00,"2-8",2025-09-17,-6.242298,106.777964
"523",18:15:00,"2-8",2025-09-17,-6.240028,106.780667
"524",18:30:00,"2-8",2025-09-17,-6.243559,106.781822
"525",18:45:00,"2-8",2025-09-17,-6.243565,106.781867
"526",22:15:00,"2-8",2025-09-17,-6.24357,106.781867
"527",06:00:00,"2-4",2025-09-19,-6.281223,106.736479
"528",06:15:00,"2-4",2025-09-19,-6.2559615288582,106.764808489486
"529",06:30:00,"2-4",2025-09-19,-6.250935,106.777447
"530",06:45:00,"2-4",2025-09-19,-6.275431,106.743164
"531",08:45:00,"2-4",2025-09-19,-6.25137638311817,106.777505573422
"532",09:00:00,"2-4",2025-09-18,-6.25085,106.776942
"533",09:30:00,"2-4",2025-09-18,-6.25219721785945,106.777614512607
"534",09:45:00,"2-4",2025-09-18,-6.250935,106.777447
"535",10:00:00,"2-4",2025-09-18,-6.250935,106.777447
"536",10:15:00,"2-4",2025-09-18,-6.250935,106.777447
"537",11:15:00,"2-4",2025-09-18,-6.250935,106.777447
"538",12:45:00,"2-4",2025-09-18,-6.250935,106.777447
"539",13:00:00,"2-4",2025-09-18,-6.25136090657503,106.77750351955
"540",13:15:00,"2-4",2025-09-18,-6.24977826125992,106.776866299407
"541",13:30:00,"2-4",2025-09-18,-6.252181,106.773805
"542",13:45:00,"2-4",2025-09-18,-6.271301,106.757129
"543",14:00:00,"2-4",2025-09-18,-6.275478,106.742907
"544",15:30:00,"2-4",2025-09-18,-6.281223,106.736479
"545",15:45:00,"2-4",2025-09-18,-6.275431,106.743164
"546",16:15:00,"2-4",2025-09-18,-6.281223,106.736479
"547",16:30:00,"2-4",2025-09-18,-6.275431,106.743164
"548",23:00:00,"2-4",2025-09-18,-6.27615318376712,106.743848923484
"549",09:00:00,"2-3",2025-09-18,-6.25235909972278,106.777635998848
"550",09:30:00,"2-3",2025-09-18,-6.25215604934295,106.777609048484
"551",09:45:00,"2-3",2025-09-18,-6.250935,106.777447
"552",10:00:00,"2-3",2025-09-18,-6.250935,106.777447
"553",10:15:00,"2-3",2025-09-18,-6.250935,106.777447
"554",11:00:00,"2-3",2025-09-18,-6.250935,106.777447
"555",11:15:00,"2-3",2025-09-18,-6.25093499999999,106.777447
"556",11:30:00,"2-3",2025-09-18,-6.250935,106.777447
"557",11:45:00,"2-3",2025-09-18,-6.250935,106.777447
"558",12:00:00,"2-3",2025-09-18,-6.250935,106.777447
"559",12:15:00,"2-3",2025-09-18,-6.250935,106.777447
"560",12:30:00,"2-3",2025-09-18,-6.244655,106.781298
"561",13:00:00,"2-3",2025-09-18,-6.250935,106.777447
"562",13:15:00,"2-3",2025-09-18,-6.250503,106.775991
"563",16:30:00,"2-3",2025-09-18,-6.2506092208698,106.777055615332
"564",16:45:00,"2-3",2025-09-18,-6.250773,106.775289
"565",05:30:00,"2-1",2025-09-25,-6.25016077546186,106.77734435277
"566",05:45:00,"2-1",2025-09-25,-6.24878,106.775813
"567",06:00:00,"2-1",2025-09-25,-6.24979799734117,106.777300173931
"568",06:15:00,"2-1",2025-09-25,-6.250935,106.777447
"569",06:30:00,"2-1",2025-09-25,-6.24878,106.775813
"570",06:45:00,"2-1",2025-09-25,-6.250935,106.777447
"571",07:00:00,"2-1",2025-09-25,-6.250935,106.777447
"572",07:15:00,"2-1",2025-09-25,-6.25038492235044,106.776787471119
"573",07:30:00,"2-1",2025-09-25,-6.23915,106.782871
"574",07:45:00,"2-1",2025-09-25,-6.225953,106.803449
"575",08:00:00,"2-1",2025-09-25,-6.197202,106.823031
"576",08:15:00,"2-1",2025-09-25,-6.20006,106.844516
"577",08:30:00,"2-1",2025-09-25,-6.191285,106.856693
"578",08:45:00,"2-1",2025-09-25,-6.181501,106.860356
"579",09:00:00,"2-1",2025-09-24,-6.250935,106.777447
"580",09:15:00,"2-1",2025-09-24,-6.250935,106.777447
"581",11:15:00,"2-1",2025-09-24,-6.250935,106.777447
"582",11:30:00,"2-1",2025-09-24,-6.250818,106.777502
"583",11:45:00,"2-1",2025-09-24,-6.250935,106.777447
"584",12:00:00,"2-1",2025-09-24,-6.250935,106.777447
"585",12:15:00,"2-1",2025-09-24,-6.250935,106.777447
"586",12:30:00,"2-1",2025-09-24,-6.25042352754462,106.776767425782
"587",13:15:00,"2-1",2025-09-24,-6.25021727975073,106.777076392939
"588",15:15:00,"2-1",2025-09-24,-6.25016244564882,106.777289591951
"589",15:30:00,"2-1",2025-09-24,-6.25024291774028,106.776477140042
"590",15:45:00,"2-1",2025-09-24,-6.2500486474398,106.774489016885
"591",16:00:00,"2-1",2025-09-24,-6.25028775954378,106.777230626727
"592",21:00:00,"2-1",2025-09-24,-6.25052413650647,106.777595981472
"593",05:30:00,"2-9",2025-09-30,-6.24688145701931,106.77943279103
"594",05:45:00,"2-9",2025-09-30,-6.246817,106.777813
"595",06:15:00,"2-9",2025-09-30,-6.24710881905614,106.779614723003
"596",06:30:00,"2-9",2025-09-30,-6.24384549861866,106.782159936294
"597",06:45:00,"2-9",2025-09-30,-6.252144,106.776488
"598",07:00:00,"2-9",2025-09-30,-6.252144,106.776488
"599",07:30:00,"2-9",2025-09-30,-6.252144,106.776487999999
"600",07:45:00,"2-9",2025-09-30,-6.252144,106.776488
"601",08:00:00,"2-9",2025-09-30,-6.252144,106.776488
"602",08:15:00,"2-9",2025-09-30,-6.252144,106.776488
"603",08:30:00,"2-9",2025-09-30,-6.252144,106.776488
"604",08:45:00,"2-9",2025-09-30,-6.252144,106.776488
"605",09:30:00,"2-9",2025-09-29,-6.2500521660087,106.776642545436
"606",10:30:00,"2-9",2025-09-29,-6.25098271185959,106.776626375454
"607",10:45:00,"2-9",2025-09-29,-6.250551,106.776409
"608",11:15:00,"2-9",2025-09-29,-6.25144506704904,106.776644682312
"609",11:30:00,"2-9",2025-09-29,-6.250551,106.776409
"610",13:00:00,"2-9",2025-09-29,-6.2501885020282,106.776779752468
"611",13:15:00,"2-9",2025-09-29,-6.249068,106.778222
"612",13:30:00,"2-9",2025-09-29,-6.246397,106.776898
"613",14:00:00,"2-9",2025-09-29,-6.24669,106.776596
"614",14:15:00,"2-9",2025-09-29,-6.248914,106.775893
"615",15:00:00,"2-9",2025-09-29,-6.248718,106.77568
"616",15:15:00,"2-9",2025-09-29,-6.248693,106.775662
"617",15:30:00,"2-9",2025-09-29,-6.246993,106.77744
"618",15:45:00,"2-9",2025-09-29,-6.24704928584794,106.779187627875
"619",16:30:00,"2-9",2025-09-29,-6.24594685267462,106.778812051612
"620",17:00:00,"2-9",2025-09-29,-6.246408,106.776889
"621",19:45:00,"2-9",2025-09-29,-6.24502736474871,106.780211600713
"622",23:30:00,"2-9",2025-09-29,-6.24708881199849,106.780293471773
"623",23:45:00,"2-9",2025-09-29,-6.246817,106.777813
"624",05:15:00,"2-24",2025-10-01,-6.24487738299626,106.779694414455
"625",06:00:00,"2-24",2025-10-01,-6.24341804085295,106.778317599979
"626",06:15:00,"2-24",2025-10-01,-6.244444,106.780354
"627",06:30:00,"2-24",2025-10-01,-6.244958,106.777556
"628",07:15:00,"2-24",2025-10-01,-6.252144,106.776488
"629",07:45:00,"2-24",2025-10-01,-6.252144,106.776488
"630",08:00:00,"2-24",2025-10-01,-6.244958,106.777556
"631",08:45:00,"2-24",2025-10-01,-6.252144,106.776488
"632",09:00:00,"2-24",2025-09-30,-6.244956,106.777618
"633",09:15:00,"2-24",2025-09-30,-6.244956,106.777618
"634",09:30:00,"2-24",2025-09-30,-6.252144,106.776488
"635",10:00:00,"2-24",2025-09-30,-6.252144,106.776488
"636",10:15:00,"2-24",2025-09-30,-6.252144,106.776488
"637",10:30:00,"2-24",2025-09-30,-6.252144,106.776488
"638",10:45:00,"2-24",2025-09-30,-6.252144,106.776488
"639",11:00:00,"2-24",2025-09-30,-6.252144,106.776488
"640",11:15:00,"2-24",2025-09-30,-6.252144,106.776488
"641",11:30:00,"2-24",2025-09-30,-6.252144,106.776488
"642",11:45:00,"2-24",2025-09-30,-6.252144,106.776488
"643",12:00:00,"2-24",2025-09-30,-6.252144,106.776488
"644",12:15:00,"2-24",2025-09-30,-6.252144,106.776488
"645",12:45:00,"2-24",2025-09-30,-6.252144,106.776488
"646",13:00:00,"2-24",2025-09-30,-6.250162,106.777431
"647",13:15:00,"2-24",2025-09-30,-6.249857,106.777973
"648",13:30:00,"2-24",2025-09-30,-6.244983,106.777716
"649",15:00:00,"2-24",2025-09-30,-6.244888,106.777716
"650",21:15:00,"2-24",2025-09-30,-6.24340933825657,106.779316224727
"651",22:15:00,"2-24",2025-09-30,-6.244444,106.780354
"652",02:15:00,"2-19",2025-10-01,-6.2473904243641,106.777628026738
"653",02:30:00,"2-19",2025-10-01,-6.247436,106.777298
"654",05:45:00,"2-19",2025-10-01,-6.24996121635096,106.777325458279
"655",06:00:00,"2-19",2025-10-01,-6.24896567599268,106.778782045782
"656",06:30:00,"2-19",2025-10-01,-6.250802,106.777147
"657",07:15:00,"2-19",2025-10-01,-6.252144,106.776488
"658",07:30:00,"2-19",2025-10-01,-6.252144,106.776488
"659",08:15:00,"2-19",2025-10-01,-6.252144,106.776488
"660",08:30:00,"2-19",2025-10-01,-6.250802,106.777147
"661",08:45:00,"2-19",2025-10-01,-6.252144,106.776488
"662",09:00:00,"2-19",2025-09-30,-6.25008255508735,106.776368507412
"663",09:15:00,"2-19",2025-09-30,-6.25014979213285,106.776464192507
"664",09:30:00,"2-19",2025-09-30,-6.252144,106.776488
"665",10:00:00,"2-19",2025-09-30,-6.252144,106.776488
"666",10:15:00,"2-19",2025-09-30,-6.252144,106.776488
"667",10:30:00,"2-19",2025-09-30,-6.252144,106.776488
"668",10:45:00,"2-19",2025-09-30,-6.252144,106.776488
"669",11:00:00,"2-19",2025-09-30,-6.252144,106.776487999999
"670",11:15:00,"2-19",2025-09-30,-6.252144,106.776488
"671",11:30:00,"2-19",2025-09-30,-6.252144,106.776487999999
"672",11:45:00,"2-19",2025-09-30,-6.252144,106.776488
"673",12:15:00,"2-19",2025-09-30,-6.250945,106.777129
"674",13:00:00,"2-19",2025-09-30,-6.248901,106.778062
"675",13:30:00,"2-19",2025-09-30,-6.246948,106.777476
"676",14:30:00,"2-19",2025-09-30,-6.24702,106.777636
"677",16:00:00,"2-19",2025-09-30,-6.24682717836183,106.7793561576
"678",16:15:00,"2-19",2025-09-30,-6.247123,106.777004
"679",17:45:00,"2-19",2025-09-30,-6.24602669195092,106.779344566358
"680",18:00:00,"2-19",2025-09-30,-6.247123,106.777004
"681",18:30:00,"2-19",2025-09-30,-6.24998731268461,106.778287733285
"682",19:15:00,"2-19",2025-09-30,-6.24648289024758,106.779594195732
"683",19:30:00,"2-19",2025-09-30,-6.247024,106.777324
"684",20:15:00,"2-19",2025-09-30,-6.24692032511388,106.779461693577
"685",20:30:00,"2-19",2025-09-30,-6.247081,106.777458
"686",05:45:00,"2-10",2025-10-02,-6.25166216009622,106.777652225377
"687",06:00:00,"2-10",2025-10-02,-6.25181130347338,106.776943250127
"688",06:15:00,"2-10",2025-10-02,-6.253045,106.776268
"689",06:30:00,"2-10",2025-10-02,-6.252144,106.776488
"690",07:15:00,"2-10",2025-10-02,-6.252144,106.776488
"691",07:30:00,"2-10",2025-10-02,-6.251423,106.776693
"692",07:45:00,"2-10",2025-10-02,-6.252144,106.776488
"693",08:15:00,"2-10",2025-10-02,-6.252144,106.776488
"694",08:30:00,"2-10",2025-10-02,-6.252144,106.776488
"695",08:45:00,"2-10",2025-10-02,-6.252144,106.776488
"696",09:00:00,"2-10",2025-10-01,-6.252144,106.776488
"697",09:30:00,"2-10",2025-10-01,-6.252144,106.776488
"698",09:45:00,"2-10",2025-10-01,-6.244958,106.777556
"699",10:30:00,"2-10",2025-10-01,-6.252144,106.776488
"700",10:45:00,"2-10",2025-10-01,-6.252144,106.776488
"701",11:00:00,"2-10",2025-10-01,-6.252144,106.776488
"702",11:15:00,"2-10",2025-10-01,-6.252144,106.776488
"703",11:30:00,"2-10",2025-10-01,-6.252144,106.776488
"704",11:45:00,"2-10",2025-10-01,-6.25092879502023,106.776448130499
"705",12:00:00,"2-10",2025-10-01,-6.25017099760063,106.776985656403
"706",12:15:00,"2-10",2025-10-01,-6.25009652984192,106.776517861075
"707",12:30:00,"2-10",2025-10-01,-6.252144,106.776488
"708",13:00:00,"2-10",2025-10-01,-6.252144,106.776488
"709",13:15:00,"2-10",2025-10-01,-6.252144,106.776488
"710",13:30:00,"2-10",2025-10-01,-6.25129520597701,106.777410207215
"711",13:45:00,"2-10",2025-10-01,-6.25118354779209,106.77714541921
"712",15:30:00,"2-10",2025-10-01,-6.25172979744755,106.777140593913
"713",15:45:00,"2-10",2025-10-01,-6.2507551958637,106.777325233854
"714",16:00:00,"2-10",2025-10-01,-6.25622140305321,106.780844219256
"715",16:15:00,"2-10",2025-10-01,-6.25443784496128,106.788302915276
"716",16:30:00,"2-10",2025-10-01,-6.24909592758842,106.775783295208
"717",16:45:00,"2-10",2025-10-01,-6.251467,106.777476
"718",17:00:00,"2-10",2025-10-01,-6.25038800874326,106.777727998109
"719",17:15:00,"2-10",2025-10-01,-6.251423,106.776693
"720",20:15:00,"2-10",2025-10-01,-6.25155027320403,106.777560744157
"721",04:30:00,"2-2",2025-09-26,-6.25065270299633,106.777528050727
"722",04:45:00,"2-2",2025-09-26,-6.25064485701917,106.777545606635
"723",05:00:00,"2-2",2025-09-26,-6.250551,106.776409
"724",06:15:00,"2-2",2025-09-26,-6.25067338060935,106.777693564199
"725",06:30:00,"2-2",2025-09-26,-6.250935,106.777447
"726",07:45:00,"2-2",2025-09-26,-6.250935,106.777447
"727",08:00:00,"2-2",2025-09-26,-6.250935,106.777447
"728",08:15:00,"2-2",2025-09-26,-6.250551,106.776409
"729",13:00:00,"2-2",2025-09-25,-6.250935,106.777447
"730",13:15:00,"2-2",2025-09-25,-6.250935,106.777447
"731",13:30:00,"2-2",2025-09-25,-6.2506652582063,106.777544811057
"732",21:30:00,"2-2",2025-09-25,-6.25064785541459,106.777573088784
